grp_dataflow_in_loop_IT_w0_1_fu_1302,output_ftmap_c_U,,chan_status1.csv
grp_dataflow_in_loop_IT_w0_1_fu_1302,tw_eff_loc_i_c3_channel_U,,chan_status2.csv
grp_dataflow_in_loop_IT_w0_1_fu_1302,s_pix_U,,chan_status3.csv
grp_dataflow_in_loop_IT_w0_1_fu_1302,tw_eff_loc_i_c2_U,,chan_status4.csv
grp_dataflow_in_loop_IT_w0_1_fu_1302,w0_c_U,,chan_status5.csv
grp_dataflow_in_loop_IT_w0_1_fu_1302,h0_c5_U,,chan_status6.csv
grp_dataflow_in_loop_IT_w0_1_fu_1302,s_f2_i_U,,chan_status7.csv
grp_dataflow_in_loop_IT_w0_1_fu_1302,tw_eff_loc_i_c1_U,,chan_status8.csv
grp_dataflow_in_loop_IT_w0_1_fu_1302,h0_c4_U,,chan_status9.csv
grp_dataflow_in_loop_IT_w0_1_fu_1302.conv1conv2_stream4_U0,p_channel_U,,chan_status10.csv
grp_dataflow_in_loop_IT_w0_1_fu_1302.conv1conv2_stream4_U0,s_win_i_U,,chan_status11.csv
grp_dataflow_in_loop_IT_w0_1_fu_1302.conv1conv2_stream4_U0,tw_eff_loc_i_tmp_channel_U,,chan_status12.csv
grp_dataflow_in_loop_IT_w0_1_fu_1302.conv1conv2_stream4_U0,h0_c_U,,chan_status13.csv
grp_dataflow_in_loop_IT_w0_1_fu_1302.conv1conv2_stream4_U0,tw_eff_loc_i_c_U,,chan_status14.csv
grp_dataflow_in_loop_IT_w0_1_fu_1302,s_out_U,,chan_status15.csv
grp_dataflow_in_loop_IT_w0_1_fu_1302,tw_eff_loc_i_c_U,,chan_status16.csv
grp_dataflow_in_loop_IT_w0_1_fu_1302,h0_c_U,,chan_status17.csv
