,CopyW1_outft,seq_loop_status1.csv
,CopyW2_outft,seq_loop_status2.csv
,IT_w0,seq_loop_status3.csv
,IT_h0,seq_loop_status4.csv
grp_srcnn_Pipeline_CopyW1_ky_CopyW1_kx_fu_1018,CopyW1_ky_CopyW1_kx,upc_loop_status1.csv
grp_srcnn_Pipeline_CopyW2_inft_fu_1189,CopyW2_inft,upc_loop_status2.csv
grp_srcnn_Pipeline_CopyW3_inft_CopyW3_ky_CopyW3_kx_fu_1215,CopyW3_inft_CopyW3_ky_CopyW3_kx,upc_loop_status3.csv
grp_dataflow_in_loop_IT_w0_1_fu_1302.load_tile_to_stream3_U0,InputTileWread,seq_loop_status5.csv
grp_dataflow_in_loop_IT_w0_1_fu_1302.load_tile_to_stream3_U0,InputTileHread,seq_loop_status6.csv
grp_dataflow_in_loop_IT_w0_1_fu_1302.conv1conv2_stream4_U0.make_win97_U0.grp_make_win97_Pipeline_win9x9_read_pix_fu_126,win9x9_read_pix,upc_loop_status4.csv
grp_dataflow_in_loop_IT_w0_1_fu_1302.conv1conv2_stream4_U0.conv1conv2_from_windows8_U0,Conv12_oy_Conv12_ox,seq_loop_status7.csv
grp_dataflow_in_loop_IT_w0_1_fu_1302.conv1conv2_stream4_U0.conv1conv2_from_windows8_U0.grp_conv1conv2_from_windows8_Pipeline_Init_Conv2Out_biases_fu_1554,Init_Conv2Out_biases,upc_loop_status5.csv
grp_dataflow_in_loop_IT_w0_1_fu_1302.conv1conv2_stream4_U0.conv1conv2_from_windows8_U0.grp_conv1conv2_from_windows8_Pipeline_Conv1_outftmaps_fu_1598,Conv1_outftmaps,upc_loop_status6.csv
grp_dataflow_in_loop_IT_w0_1_fu_1302.conv1conv2_stream4_U0.conv1conv2_from_windows8_U0.grp_conv1conv2_from_windows8_Pipeline_Push_conv2pix_out_fu_2005,Push_conv2pix_out,upc_loop_status7.csv
grp_dataflow_in_loop_IT_w0_1_fu_1302.conv3_stream5_U0,win5x5_read_pix,seq_loop_status8.csv
grp_dataflow_in_loop_IT_w0_1_fu_1302.conv3_stream5_U0.grp_conv3_stream5_Pipeline_Conv3_ky_fu_3917,Conv3_ky,upc_loop_status8.csv
grp_dataflow_in_loop_IT_w0_1_fu_1302.store_stream6_U0,Out_writex,seq_loop_status9.csv
grp_dataflow_in_loop_IT_w0_1_fu_1302.store_stream6_U0,Out_writey,seq_loop_status10.csv
