grp_dataflow_in_loop_IT_w0_1_fu_1302,entry_proc16_U0,,status1.csv
grp_dataflow_in_loop_IT_w0_1_fu_1302,dataflow_in_loop_IT_w0_1_Block_newFuncRoot2_proc2_U0,,status2.csv
grp_dataflow_in_loop_IT_w0_1_fu_1302,load_tile_to_stream3_U0,,status3.csv
grp_dataflow_in_loop_IT_w0_1_fu_1302,conv1conv2_stream4_U0,,status4.csv
grp_dataflow_in_loop_IT_w0_1_fu_1302.conv1conv2_stream4_U0,entry_proc_U0,,status5.csv
grp_dataflow_in_loop_IT_w0_1_fu_1302.conv1conv2_stream4_U0,make_win97_U0,,status6.csv
grp_dataflow_in_loop_IT_w0_1_fu_1302.conv1conv2_stream4_U0,conv1conv2_from_windows8_U0,,status7.csv
grp_dataflow_in_loop_IT_w0_1_fu_1302,conv3_stream5_U0,,status8.csv
grp_dataflow_in_loop_IT_w0_1_fu_1302,store_stream6_U0,,status9.csv
,AESL_inst_srcnn,,module_status1.csv
,grp_srcnn_Pipeline_CopyW1_ky_CopyW1_kx_fu_1018,,module_status2.csv
,grp_srcnn_Pipeline_CopyW2_inft_fu_1189,,module_status3.csv
,grp_srcnn_Pipeline_CopyW3_inft_CopyW3_ky_CopyW3_kx_fu_1215,,module_status4.csv
,grp_dataflow_in_loop_IT_w0_1_fu_1302,,module_status5.csv
grp_dataflow_in_loop_IT_w0_1_fu_1302.conv1conv2_stream4_U0.make_win97_U0,grp_make_win97_Pipeline_win9x9_read_pix_fu_126,,module_status6.csv
grp_dataflow_in_loop_IT_w0_1_fu_1302.conv1conv2_stream4_U0.conv1conv2_from_windows8_U0,grp_conv1conv2_from_windows8_Pipeline_Init_Conv2Out_biases_fu_1554,,module_status7.csv
grp_dataflow_in_loop_IT_w0_1_fu_1302.conv1conv2_stream4_U0.conv1conv2_from_windows8_U0,grp_conv1conv2_from_windows8_Pipeline_Conv1_outftmaps_fu_1598,,module_status8.csv
grp_dataflow_in_loop_IT_w0_1_fu_1302.conv1conv2_stream4_U0.conv1conv2_from_windows8_U0,grp_conv1conv2_from_windows8_Pipeline_Push_conv2pix_out_fu_2005,,module_status9.csv
grp_dataflow_in_loop_IT_w0_1_fu_1302.conv3_stream5_U0,grp_conv3_stream5_Pipeline_Conv3_ky_fu_3917,,module_status10.csv
